dataset,experiment,instance_auroc_Mean,instance_auroc_bottle,instance_auroc_cable,instance_auroc_candle,instance_auroc_capsule,instance_auroc_capsules,instance_auroc_carpet,instance_auroc_cashew,instance_auroc_chewinggum,instance_auroc_fryum,instance_auroc_grid,instance_auroc_hazelnut,instance_auroc_leather,instance_auroc_macaroni1,instance_auroc_macaroni2,instance_auroc_metal_nut,instance_auroc_pcb1,instance_auroc_pcb2,instance_auroc_pcb3,instance_auroc_pcb4,instance_auroc_pill,instance_auroc_pipe_fryum,instance_auroc_screw,instance_auroc_tile,instance_auroc_toothbrush,instance_auroc_transistor,instance_auroc_wood,instance_auroc_zipper,full_pixel_auroc_Mean,full_pixel_auroc_bottle,full_pixel_auroc_cable,full_pixel_auroc_candle,full_pixel_auroc_capsule,full_pixel_auroc_capsules,full_pixel_auroc_carpet,full_pixel_auroc_cashew,full_pixel_auroc_chewinggum,full_pixel_auroc_fryum,full_pixel_auroc_grid,full_pixel_auroc_hazelnut,full_pixel_auroc_leather,full_pixel_auroc_macaroni1,full_pixel_auroc_macaroni2,full_pixel_auroc_metal_nut,full_pixel_auroc_pcb1,full_pixel_auroc_pcb2,full_pixel_auroc_pcb3,full_pixel_auroc_pcb4,full_pixel_auroc_pill,full_pixel_auroc_pipe_fryum,full_pixel_auroc_screw,full_pixel_auroc_tile,full_pixel_auroc_toothbrush,full_pixel_auroc_transistor,full_pixel_auroc_wood,full_pixel_auroc_zipper,anomaly_pixel_auroc_Mean,anomaly_pixel_auroc_bottle,anomaly_pixel_auroc_cable,anomaly_pixel_auroc_candle,anomaly_pixel_auroc_capsule,anomaly_pixel_auroc_capsules,anomaly_pixel_auroc_carpet,anomaly_pixel_auroc_cashew,anomaly_pixel_auroc_chewinggum,anomaly_pixel_auroc_fryum,anomaly_pixel_auroc_grid,anomaly_pixel_auroc_hazelnut,anomaly_pixel_auroc_leather,anomaly_pixel_auroc_macaroni1,anomaly_pixel_auroc_macaroni2,anomaly_pixel_auroc_metal_nut,anomaly_pixel_auroc_pcb1,anomaly_pixel_auroc_pcb2,anomaly_pixel_auroc_pcb3,anomaly_pixel_auroc_pcb4,anomaly_pixel_auroc_pill,anomaly_pixel_auroc_pipe_fryum,anomaly_pixel_auroc_screw,anomaly_pixel_auroc_tile,anomaly_pixel_auroc_toothbrush,anomaly_pixel_auroc_transistor,anomaly_pixel_auroc_wood,anomaly_pixel_auroc_zipper
MVTecAD,IM224_WR50_L2-3_P01_D1024-1024_PS-3_AN-1_S0,0.990974,1.000000,0.996814,,0.979657,,0.983547,,,,0.979114,1.000000,1.000000,,,0.999022,,,,,0.963448,,0.986883,0.989177,1.000000,1.000000,0.992982,0.993960,0.981221,0.984883,0.984160,,0.989524,,0.990692,,,,0.987943,0.986673,0.992788,,,0.983404,,,,,0.977719,,0.995259,0.957361,0.985712,0.963316,0.950175,0.988708,0.973677,0.979620,0.975314,,0.987399,,0.988074,,,,0.983599,0.979003,0.990257,,,0.979223,,,,,0.975749,,0.993841,0.940962,0.979948,0.929715,0.936777,0.985680
MVTecAD,IM448_DINOv2B14reg_L5-11_P01_D768-768_PS-1_AN-3_S0,0.987240,1.000000,0.963643,,0.953331,,0.999599,,,,0.998329,0.994286,1.000000,,,1.000000,,,,,0.978996,,0.936257,1.000000,0.997222,0.990000,0.998246,0.998687,0.963271,0.982343,0.939602,,0.982468,,0.982881,,,,0.989654,0.994088,0.973693,,,0.975430,,,,,0.963942,,0.987462,0.871644,0.992961,0.936318,0.926091,0.950489,0.948393,0.976148,0.913357,,0.979098,,0.977378,,,,0.985550,0.990647,0.964449,,,0.968673,,,,,0.959044,,0.985765,0.814887,0.990100,0.875576,0.907227,0.938004
MVTecAD,IM224_ConvNeXtV2B_FCMAE_L1-2_P01_D1024-1024_PS-3_AN-1_S0,0.905839,1.000000,0.964768,,0.898883,,0.645265,,,,0.622389,0.988929,0.977242,,,0.986804,,,,,0.936307,,0.726891,0.990981,1.000000,0.980000,0.915351,0.953782,0.958773,0.981726,0.979992,,0.985619,,0.887888,,,,0.821111,0.988885,0.991209,,,0.980867,,,,,0.981068,,0.977564,0.971518,0.983311,0.977807,0.903212,0.969812,0.951724,0.975395,0.970848,,0.982823,,0.898332,,,,0.819299,0.982870,0.988221,,,0.975662,,,,,0.978352,,0.975748,0.961572,0.976541,0.943736,0.884396,0.962065
MVTecAD,IM224_ConvNeXtV2B_FCMAE_L2-3_P01_D1024-1024_PS-3_AN-1_S0,0.859256,0.999206,0.880060,,0.712206,,0.562199,,,,0.619883,0.944286,0.968410,,,0.952590,,,,,0.886252,,0.649518,0.984488,1.000000,0.922083,0.862281,0.945378,0.935234,0.970013,0.949405,,0.966137,,0.838551,,,,0.766313,0.986856,0.987309,,,0.975996,,,,,0.967061,,0.870941,0.967903,0.975734,0.975075,0.877050,0.954174,0.926716,0.959721,0.935340,,0.960910,,0.854327,,,,0.764776,0.980463,0.983027,,,0.969964,,,,,0.962710,,0.870466,0.956369,0.965980,0.939461,0.854584,0.942639
MVTecAD,IM320_ConvNeXtV2B_FCMAE_L1-2_P01_D768-768_PS-5_AN-3_S0,0.646455,0.981746,0.573932,,0.675309,,0.337079,,,,0.512949,0.668036,0.556216,,,0.910068,,,,,0.562875,,0.344333,0.698773,0.752778,0.740625,0.628947,0.753151,0.887187,0.979160,0.850082,,0.959842,,0.719798,,,,0.672470,0.977074,0.926002,,,0.949336,,,,,0.961645,,0.855688,0.897275,0.981374,0.908584,0.750362,0.919118,0.878443,0.972274,0.833534,,0.956147,,0.733735,,,,0.669135,0.970268,0.920179,,,0.938308,,,,,0.957911,,0.858471,0.882376,0.974999,0.855045,0.749854,0.904409
VisA,[DINOv2B_VisA_Pilot] IM448_DINOv2B14reg_L3-5_P010_D768-768_PS-1_AN-5_S0,0.974343,,,0.962347,,0.994000,,0.921546,0.969097,0.967526,,,,0.964063,0.996404,,0.978766,0.969931,0.994268,0.976070,,0.998100,,,,,,,,,,,,,,,,,,,,,,,,,,,,,,,,,,,,,,,,,,,,,,,,,,,,,,,,,,,,,,
VisA,[DINOv2B_VisA_Pilot] IM448_DINOv2B14reg_L4-5_P009_D768-768_PS-1_AN-5_S0,0.970308,,,0.955051,,0.990151,,0.900825,0.962096,0.967629,,,,0.959219,0.994035,,0.976612,0.968400,0.994528,0.978955,,0.996200,,,,,,,,,,,,,,,,,,,,,,,,,,,,,,,,,,,,,,,,,,,,,,,,,,,,,,,,,,,,,,
VisA,[DINOv2B_VisA_Pilot] IM448_DINOv2B14reg_L4-5-8_P002_D768-768_PS-1_AN-5_S0,0.962965,,,0.948112,,0.942262,,0.920000,0.987799,0.962577,,,,0.953385,0.922368,,0.977791,0.959816,0.996417,0.989353,,0.995700,,,,,,,,,,,,,,,,,,,,,,,,,,,,,,,,,,,,,,,,,,,,,,,,,,,,,,,,,,,,,,
VisA,IM448_DINOv2B14reg_L9-11_P01_D768-768_PS-1_AN-3_S0,0.949345,,,0.940918,,0.968074,,0.964227,0.980698,0.959588,,,,0.949167,0.815000,,0.967790,0.934175,0.980459,0.941045,,0.991000,,,,,,,0.976684,,,0.987108,,0.993044,,0.996272,0.987532,0.930079,,,,0.993999,0.975601,,0.995678,0.969263,0.982048,0.917342,,0.992246,,,,,,,0.965918,,,0.979459,,0.986753,,0.993122,0.981131,0.903362,,,,0.990264,0.975514,,0.991673,0.959365,0.971732,0.873807,,0.984829,,,,,,
VisA,IM448_DINOv2B14reg_L11_P01_D768-768_PS-1_AN-5_S0,0.948868,,,0.947857,,0.960489,,0.967320,0.977798,0.964227,,,,0.950573,0.808246,,0.968508,0.935433,0.979026,0.941940,,0.985000,,,,,,,0.973928,,,0.986005,,0.991403,,0.996206,0.987744,0.930962,,,,0.994115,0.959166,,0.995509,0.961763,0.973774,0.918207,,0.992279,,,,,,,0.962445,,,0.977606,,0.983632,,0.993090,0.981080,0.900573,,,,0.990269,0.961271,,0.990963,0.950777,0.961752,0.873445,,0.984881,,,,,,
VisA,IM448_DINOv2B14reg_L5-8-11_P01_D768-768_PS-1_AN-3_S0,0.948602,,,0.948980,,0.970905,,0.962371,0.979998,0.957938,,,,0.951198,0.798772,,0.971585,0.939260,0.980198,0.936418,,0.985600,,,,,,,0.973761,,,0.985762,,0.992572,,0.996411,0.987096,0.920206,,,,0.993264,0.952554,,0.995138,0.972982,0.981096,0.915026,,0.993028,,,,,,,0.962211,,,0.977621,,0.985680,,0.993475,0.980127,0.888930,,,,0.989200,0.953437,,0.990767,0.962255,0.969882,0.868770,,0.986391,,,,,,
VisA,IM224_WR50_L2-3_P01_D1024-1024_PS-3_AN-1_S0,0.948045,,,0.981020,,0.785089,,0.947216,0.988711,0.967629,,,,0.957917,0.804386,,0.991732,0.976716,0.984367,0.994752,,0.997000,,,,,,,0.981769,,,0.991222,,0.995261,,0.978466,0.984800,0.921797,,,,0.993501,0.980686,,0.995688,0.985679,0.990714,0.974274,,0.989142,,,,,,,0.973710,,,0.984598,,0.993475,,0.973522,0.978765,0.904788,,,,0.990234,0.975063,,0.992452,0.971579,0.981026,0.954725,,0.984291,,,,,,
VisA,IM448_DINOv2B14reg_L3-7-11_P01_D768-768_PS-1_AN-3_S0,0.947678,,,0.949133,,0.966829,,0.966804,0.979198,0.956598,,,,0.947344,0.795965,,0.971226,0.939970,0.978700,0.936567,,0.983800,,,,,,,0.973631,,,0.985910,,0.992205,,0.996303,0.987396,0.918847,,,,0.993969,0.951976,,0.995385,0.973517,0.980922,0.914091,,0.993055,,,,,,,0.961971,,,0.977713,,0.985533,,0.993337,0.980468,0.887374,,,,0.989901,0.952817,,0.990955,0.962476,0.969533,0.867135,,0.986417,,,,,,
VisA,IM448_DINOv2B14reg_L3-11_P01_D768-768_PS-1_AN-3_S0,0.946846,,,0.946735,,0.967282,,0.960309,0.975698,0.959072,,,,0.948594,0.796053,,0.970047,0.934886,0.978765,0.937015,,0.987700,,,,,,,0.973344,,,0.983281,,0.990938,,0.996297,0.987121,0.924483,,,,0.993423,0.963769,,0.995414,0.964952,0.977817,0.910532,,0.992104,,,,,,,0.961644,,,0.974870,,0.982742,,0.993160,0.980325,0.894753,,,,0.989289,0.965275,,0.991001,0.953942,0.966011,0.863791,,0.984572,,,,,,
VisA,IM448_DINOv2B14reg_L7-11_P01_D768-768_PS-1_AN-3_S0,0.946003,,,0.949541,,0.956413,,0.962577,0.977998,0.956495,,,,0.947188,0.796754,,0.967944,0.932043,0.982413,0.935274,,0.987400,,,,,,,0.973335,,,0.983513,,0.991660,,0.996320,0.986554,0.925766,,,,0.993639,0.960867,,0.995414,0.965749,0.977801,0.910517,,0.992225,,,,,,,0.961825,,,0.975119,,0.984055,,0.993208,0.979883,0.896185,,,,0.989654,0.962940,,0.991097,0.954907,0.966087,0.863968,,0.984795,,,,,,
VisA,IM448_DINOv2B14reg_L5-11_P01_D768-768_PS-1_AN-1_S0,0.945665,,,0.947500,,0.959017,,0.958660,0.976598,0.957835,,,,0.948125,0.796754,,0.968252,0.933547,0.978765,0.935522,,0.987400,,,,,,,0.972990,,,0.983415,,0.991251,,0.996266,0.987359,0.925261,,,,0.993048,0.958770,,0.995332,0.965545,0.977690,0.909883,,0.992062,,,,,,,0.961478,,,0.974976,,0.983447,,0.993150,0.980608,0.896265,,,,0.988840,0.961004,,0.990799,0.954859,0.966077,0.863200,,0.984508,,,,,,
VisA,IM448_DINOv2B14reg_L5-11_P01_D768-768_PS-1_AN-3_S0,0.945665,,,0.947500,,0.959017,,0.958660,0.976598,0.957835,,,,0.948125,0.796754,,0.968252,0.933547,0.978765,0.935522,,0.987400,,,,,,,0.972990,,,0.983415,,0.991251,,0.996266,0.987359,0.925261,,,,0.993048,0.958770,,0.995332,0.965545,0.977690,0.909883,,0.992062,,,,,,,0.961478,,,0.974976,,0.983447,,0.993150,0.980608,0.896265,,,,0.988840,0.961004,,0.990799,0.954859,0.966077,0.863200,,0.984508,,,,,,
VisA,IM448_DINOv2B14reg_L5-11_P01_D768-768_PS-1_AN-5_S0,0.945665,,,0.947500,,0.959017,,0.958660,0.976598,0.957835,,,,0.948125,0.796754,,0.968252,0.933547,0.978765,0.935522,,0.987400,,,,,,,0.972990,,,0.983415,,0.991251,,0.996266,0.987359,0.925261,,,,0.993048,0.958770,,0.995332,0.965545,0.977690,0.909883,,0.992062,,,,,,,0.961478,,,0.974976,,0.983447,,0.993150,0.980608,0.896265,,,,0.988840,0.961004,,0.990799,0.954859,0.966077,0.863200,,0.984508,,,,,,
VisA,IM448_DINOv2B14reg_L8-11_P01_D768-768_PS-1_AN-3_S0,0.945549,,,0.948776,,0.959017,,0.957835,0.977698,0.957113,,,,0.950104,0.789474,,0.971585,0.929911,0.979807,0.937065,,0.988200,,,,,,,0.973848,,,0.984244,,0.990380,,0.996205,0.986856,0.925249,,,,0.993059,0.966215,,0.995290,0.965890,0.978129,0.912399,,0.992256,,,,,,,0.962463,,,0.976061,,0.983202,,0.993069,0.980147,0.896700,,,,0.988956,0.967222,,0.990936,0.955271,0.966587,0.866554,,0.984849,,,,,,
VisA,IM224_WR50_L2-3_P01_D1024-1024_PS-3_AN-1_S0_premodification,0.945496,,,0.981400,,0.790164,,0.948800,0.988824,0.968600,,,,0.957400,0.760700,,0.991980,0.978416,0.987921,0.994752,,0.997000,,,,,,,0.981553,,,0.991193,,0.989887,,0.981225,0.983598,0.923976,,,,0.993703,0.979472,,0.996284,0.985873,0.990008,0.974274,,0.989142,,,,,,,0.973813,,,0.984626,,0.987910,,0.976344,0.976992,0.906646,,,,0.990612,0.975883,,0.993523,0.972930,0.981274,0.954725,,0.984291,,,,,,
VisA,[DINOv2B_VisA_Pilot] IM448_DINOv2B14reg_L3-4-6-10_P006_D768-768_PS-1_AN-5_S0,0.944773,,,0.945306,,0.935016,,0.893918,0.995500,0.964330,,,,0.943490,0.776316,,0.981279,0.966322,0.991271,0.964129,,0.980400,,,,,,,,,,,,,,,,,,,,,,,,,,,,,,,,,,,,,,,,,,,,,,,,,,,,,,,,,,,,,,
VisA,[DINOv2B_VisA_Pilot] IM448_DINOv2B14reg_L4-6-8_P001_D768-768_PS-3_AN-3_S0,0.933326,,,0.961020,,0.899581,,0.952784,0.989599,0.947010,,,,0.889479,0.737982,,0.942453,0.924553,0.983911,0.993035,,0.978500,,,,,,,,,,,,,,,,,,,,,,,,,,,,,,,,,,,,,,,,,,,,,,,,,,,,,,,,,,,,,,
VisA,IM448_DINOv2L14reg_L7-14-23_P005_D1024-1024_PS-1_AN-3_S0,0.929809,,,0.927959,,0.923016,,0.898351,0.979898,0.938969,,,,0.978177,0.709474,,0.957840,0.938057,0.976225,0.950647,,0.979100,,,,,,,0.964367,,,0.984647,,0.966339,,0.986929,0.989252,0.910554,,,,0.995748,0.909436,,0.989464,0.945783,0.980333,0.926840,,0.987080,,,,,,,0.954405,,,0.977255,,0.958633,,0.980987,0.984516,0.880710,,,,0.992935,0.919925,,0.983416,0.937456,0.971373,0.888120,,0.977532,,,,,,
VisA,[DINOv2B_VisA_Pilot] IM448_DINOv2B14reg_L7-8-10_P001_D768-768_PS-3_AN-3_S0,0.922190,,,0.945510,,0.881694,,0.948763,0.987399,0.942784,,,,0.868229,0.690351,,0.954455,0.891969,0.984758,0.985771,,0.984600,,,,,,,,,,,,,,,,,,,,,,,,,,,,,,,,,,,,,,,,,,,,,,,,,,,,,,,,,,,,,,
VisA,IM448_DINOv2L14reg_L11-23_P005_D1024-1024_PS-1_AN-3_S0,0.921261,,,0.919439,,0.903317,,0.872371,0.976298,0.940722,,,,0.973854,0.680702,,0.952711,0.932754,0.970948,0.946816,,0.985200,,,,,,,0.960619,,,0.984981,,0.957300,,0.984429,0.989146,0.902798,,,,0.995047,0.893504,,0.987859,0.946619,0.977991,0.921153,,0.986602,,,,,,,0.950313,,,0.977320,,0.948876,,0.977943,0.984208,0.870716,,,,0.992054,0.907401,,0.981734,0.938110,0.968879,0.879963,,0.976556,,,,,,
VisA,IM336_DINOv2L14reg_L11-23_P01_D1024-1024_PS-1_AN-3_S0,0.915695,,,0.911786,,0.873995,,0.895876,0.983198,0.948041,,,,0.957135,0.678158,,0.937734,0.913728,0.959875,0.946617,,0.982200,,,,,,,0.967484,,,0.987052,,0.972932,,0.988682,0.991126,0.933521,,,,0.994618,0.899631,,0.986287,0.946735,0.972359,0.948213,,0.988649,,,,,,,0.957386,,,0.979183,,0.964305,,0.982371,0.985974,0.903683,,,,0.990921,0.913807,,0.978984,0.936650,0.961239,0.912535,,0.978976,,,,,,
VisA,[DINOv2B_VisA_Pilot] IM448_DINOv2B14reg_L3-4-5-6_P001_D768-768_PS-3_AN-3_S0,0.910825,,,0.966939,,0.810936,,0.841959,0.980998,0.956701,,,,0.826771,0.741754,,0.939683,0.922366,0.972837,0.993856,,0.975100,,,,,,,,,,,,,,,,,,,,,,,,,,,,,,,,,,,,,,,,,,,,,,,,,,,,,,,,,,,,,,
VisA,IM448_DINOv2G14reg_L19-39_P001_D1536-1024_PS-1_AN-3_S0,0.901980,,,0.838827,,0.875014,,0.892165,0.980098,0.929588,,,,0.925990,0.688860,,0.938555,0.883604,0.956553,0.947413,,0.967100,,,,,,,0.948312,,,0.968251,,0.966005,,0.971751,0.986115,0.886764,,,,0.984408,0.883508,,0.979560,0.921184,0.966074,0.885748,,0.980370,,,,,,,0.938986,,,0.963013,,0.959911,,0.964864,0.981888,0.867021,,,,0.981521,0.890182,,0.972285,0.913156,0.955014,0.846337,,0.972634,,,,,,
VisA,IM336_DINOv2G14reg_L19-39_P002_D1536-1024_PS-1_AN-3_S0,0.897126,,,0.819898,,0.845579,,0.897010,0.962596,0.929278,,,,0.923854,0.715789,,0.939478,0.878410,0.944372,0.941542,,0.967700,,,,,,,0.953816,,,0.969037,,0.972995,,0.979301,0.989164,0.906487,,,,0.983957,0.871588,,0.981280,0.938366,0.957363,0.911895,,0.984354,,,,,,,0.943411,,,0.962021,,0.966122,,0.972529,0.984621,0.884991,,,,0.980287,0.875961,,0.974771,0.930144,0.944761,0.869511,,0.975212,,,,,,
VisA,[DINOv2B_VisA_Pilot] IM448_DINOv2B14reg_L5-7-11_P002_D768-768_PS-3_AN-3_S0,0.877918,,,0.930102,,0.870033,,0.951443,0.968397,0.877526,,,,0.858854,0.638421,,0.951172,0.852824,0.847186,0.817164,,0.971900,,,,,,,,,,,,,,,,,,,,,,,,,,,,,,,,,,,,,,,,,,,,,,,,,,,,,,,,,,,,,,
VisA,IM448_DINOv2B14reg_L5-11_P005_D768-768_PS-3_AN-3_S0,0.873826,,,0.931684,,0.891996,,0.941340,0.970097,0.889175,,,,0.848906,0.605000,,0.874699,0.812148,0.875065,0.869204,,0.976600,,,,,,,0.950881,,,0.974068,,0.988275,,0.996117,0.985947,0.915839,,,,0.972877,0.839225,,0.990743,0.923649,0.941754,0.888767,,0.993308,,,,,,,0.934243,,,0.963004,,0.977283,,0.992836,0.977816,0.878797,,,,0.960719,0.845372,,0.982642,0.904122,0.917296,0.824163,,0.986869,,,,,,
VisA,IM224_ConvNeXtV2B_FCMAE_L1-2_P01_D1024-1024_PS-3_AN-1_S0,0.627624,,,0.716429,,0.640243,,0.711856,0.670232,0.784948,,,,0.456771,0.394211,,0.611769,0.653411,0.613080,0.636535,,0.642000,,,,,,,0.772748,,,0.875629,,0.622934,,0.704354,0.816391,0.696475,,,,0.717185,0.640720,,0.859246,0.778751,0.849799,0.757573,,0.953913,,,,,,,0.752203,,,0.855508,,0.614718,,0.691552,0.799279,0.668469,,,,0.712187,0.624322,,0.842271,0.745476,0.829190,0.697837,,0.945625,,,,,,
VisA,IM224_ConvNeXtV2B_FCMAE_L1-2_P01_D768-768_PS-3_AN-1_S0,0.626122,,,0.775893,,0.588362,,0.769433,0.654365,0.622474,,,,0.527708,0.436711,,0.519362,0.691870,0.657797,0.638035,,0.631450,,,,,,,0.786367,,,0.893802,,0.622517,,0.719007,0.828415,0.711752,,,,0.743578,0.656416,,0.869056,0.788195,0.860725,0.781132,,0.961805,,,,,,,0.758516,,,0.865993,,0.613786,,0.691874,0.802507,0.671337,,,,0.732183,0.642368,,0.848561,0.744976,0.830700,0.708134,,0.949768,,,,,,
